DELETE FROM depoquick.dbo.Promotions;
DELETE FROM depoquick.dbo.Reservations;
DELETE FROM depoquick.dbo.Users;
DELETE FROM depoquick.dbo.Warehouses;

SET IDENTITY_INSERT depoquick.dbo.Users ON;

INSERT INTO depoquick.dbo.Users (UserId, Name,Email,Password,IsAdmin) VALUES
	 (1, N'Linus Torvalds',N'linustorvalds@ort.edu.uy',N'F3doraR0cks#',1),
	 (2, N'Martin Fowler',N'martinfowler@ort.edu.uy',N'TestPass#1',0),
	 (3, N'Grady Booch',N'gradybooch@ort.edu.uy',N'Ir3gret#UML',0),
	 (4, N'Uncle Bob',N'robertcmartin@ort.edu.uy',N'#N0TestN0Beer',0),
	 (5, N'Kent Beck',N'kentbeck@ort.edu.uy',N'P@ssw0rd3',0),
	 (6, N'Bjarne Stroustrup',N'bjarnestroustrup@ort.edu.uy',N'#Cpp4Ev3r',0);

SET IDENTITY_INSERT depoquick.dbo.Users OFF;
	
SET IDENTITY_INSERT depoquick.dbo.Warehouses ON;
	
INSERT INTO depoquick.dbo.Warehouses (WarehouseId, Name,[Zone],[Size],IsHeated,AvailableFrom,AvailableTo) VALUES
	 (1, N'SOLID',67,2,1,'2024-04-01 00:00:00.0000000','2024-07-30 00:00:00.0000000'),
	 (2, N'Clean Code',68,1,0,'2024-06-13 00:00:00.0000000','2024-09-27 00:00:00.0000000'),
	 (3, N'GRASP',69,0,0,'2023-06-05 00:00:00.0000000','2025-06-13 00:00:00.0000000'),
	 (4, N'DRY',68,1,1,'2024-06-15 00:00:00.0000000','2025-07-05 00:00:00.0000000'),
	 (5, N'KISS',68,0,0,'2024-06-02 00:00:00.0000000','2024-07-10 00:00:00.0000000'),
	 (6, N'YAGNI',65,2,1,'2024-06-25 00:00:00.0000000','2024-07-15 00:00:00.0000000');
		
SET IDENTITY_INSERT depoquick.dbo.Warehouses OFF;

INSERT INTO depoquick.dbo.Promotions (Label,DiscountPercentage,StartDate,EndDate,IsUsed) VALUES
	 (N'Singleton',25,'2024-06-12 00:00:00.0000000','2024-06-22 00:00:00.0000000',0),
	 (N'Strategy',70,'2024-06-01 00:00:00.0000000','2024-06-30 00:00:00.0000000',0),
	 (N'Factory',15,'2024-06-15 00:00:00.0000000','2024-06-25 00:00:00.0000000',0),
	 (N'Observer',30,'2024-06-20 00:00:00.0000000','2024-06-30 00:00:00.0000000',0),
	 (N'Decorator',20,'2024-06-10 00:00:00.0000000','2024-06-20 00:00:00.0000000',0),
	 (N'Adapter',35,'2024-06-05 00:00:00.0000000','2024-06-15 00:00:00.0000000',0),
	 (N'Facade',40,'2024-06-18 00:00:00.0000000','2024-06-28 00:00:00.0000000',0),
	 (N'Proxy',50,'2024-06-08 00:00:00.0000000','2024-06-18 00:00:00.0000000',0),
	 (N'Command',45,'2024-06-22 00:00:00.0000000','2024-07-02 00:00:00.0000000',0),
	 (N'Template',55,'2024-06-25 00:00:00.0000000','2024-07-05 00:00:00.0000000',0);
	
INSERT INTO depoquick.dbo.Reservations (StartDate,EndDate,WarehouseId,Price,Status,RejectionNote,PaymentStatus,ClientId) VALUES
	 ('2024-06-12 00:00:00.0000000','2024-06-15 00:00:00.0000000',1,18.000000000000014,0,NULL,1,1),
	 ('2024-06-21 00:00:00.0000000','2024-06-27 00:00:00.0000000',1,36.00000000000003,0,NULL,0,2),
	 ('2024-06-28 00:00:00.0000000','2024-06-30 00:00:00.0000000',1,30.00000000000003,0,NULL,NULL,4),
	 ('2024-07-02 00:00:00.0000000','2024-07-04 00:00:00.0000000',1,33.00000000000003,0,NULL,0,5),
	 ('2024-06-05 00:00:00.0000000','2024-06-08 00:00:00.0000000',1,36.00000000000001,2,N'I don''t really like OOP very much so... No warehouse for you!',NULL,2),
	 ('2024-06-08 00:00:00.0000000','2024-07-14 00:00:00.0000000',1,39.00000000000003,0,NULL,0,6),
	 ('2024-07-17 00:00:00.0000000','2024-07-18 00:00:00.0000000',1,24.00000000000001,1,NULL,1,4),
	 ('2024-07-20 00:00:00.0000000','2024-07-24 00:00:00.0000000',1,27.00000000000001,2,N'C++ is bad for you, here, take some Rust',NULL,6),
	 ('2024-07-29 00:00:00.0000000','2024-07-30 00:00:00.0000000',1,30.00000000000001,2,N'The warehouse is undergoing maintenance during the requested period.',NULL,3),
	 ('2024-06-17 00:00:00.0000000','2024-06-21 00:00:00.0000000',2,15.000000000000014,1,NULL,1,1),
	 ('2024-06-26 00:00:00.0000000','2024-06-30 00:00:00.0000000',2,27.000000000000014,1,NULL,1,6),
	 ('2024-06-14 00:00:00.0000000','2024-06-18 00:00:00.0000000',3,20.000000000000014,0,NULL,1,3),
	 ('2024-06-16 00:00:00.0000000','2024-06-20 00:00:00.0000000',3,25.000000000000014,0,NULL,1,5),
	 ('2024-06-18 00:00:00.0000000','2024-06-22 00:00:00.0000000',3,30.000000000000014,0,NULL,1,5),
	 ('2024-06-23 00:00:00.0000000','2024-06-24 00:00:00.0000000',3,35.000000000000014,2,N'I don''t really trust people whose career is to talk about programming rather than actually doing it',0,4),
	 ('2024-06-20 00:00:00.0000000','2024-06-28 00:00:00.0000000',4,18.000000000000014,1,NULL,1,3),
	 ('2024-06-29 00:00:00.0000000','2024-08-26 00:00:00.0000000',4,21.000000000000014,1,NULL,1,5),
	 ('2024-10-24 00:00:00.0000000','2024-11-28 00:00:00.0000000',4,24.000000000000014,1,NULL,1,6),
	 ('2024-06-17 00:00:00.0000000','2024-06-12 00:00:00.0000000',5,12.00000000000003,0,NULL,0,6),
	 ('2024-06-27 00:00:00.0000000','2024-07-02 00:00:00.0000000',5,38.00000000000003,0,NULL,0,6);
